Date,Open,High,Low,Close,Volume
2022-07-03 04:00:00,1061.56,1069.72,1040.16,1069.72,15585.73
2022-07-03 05:00:00,1069.72,1083.98,1055.86,1056.65,22213.52
2022-07-03 06:00:00,1056.65,1064.38,1056.31,1063.31,8352.6
2022-07-03 07:00:00,1063.31,1063.57,1058.78,1062.36,3393.3
2022-07-03 08:00:00,1062.36,1063.64,1048.99,1056.37,6510.51
2022-07-03 09:00:00,1056.37,1059.27,1052.31,1057.97,5013.86
2022-07-03 10:00:00,1057.97,1062.08,1057.25,1060.18,2970.63
2022-07-03 11:00:00,1060.18,1063.76,1059.18,1059.95,2886.98
2022-07-03 12:00:00,1059.95,1061.88,1046.52,1053.51,6855.25
2022-07-03 13:00:00,1053.51,1054.31,1041.09,1041.41,8755.91
2022-07-03 14:00:00,1041.41,1051.74,1040.2,1050.05,10780.67
2022-07-03 15:00:00,1050.05,1054.41,1048.17,1049.24,7619.56
2022-07-03 16:00:00,1049.24,1059.22,1048.31,1056.16,11490.83
2022-07-03 17:00:00,1056.16,1060.39,1052.57,1058.44,4546.05
2022-07-03 18:00:00,1058.44,1061.5,1055.84,1058.27,6142.71
2022-07-03 19:00:00,1058.27,1081.09,1057.65,1076.47,14276.48
2022-07-03 20:00:00,1076.47,1085.3,1076.44,1083.69,17953.22
2022-07-03 21:00:00,1083.69,1085.63,1073.11,1074.94,10818.05
2022-07-03 22:00:00,1074.94,1079.82,1069.15,1074.58,10273.68
2022-07-03 23:00:00,1074.58,1077.87,1069.21,1072.95,6025.2
2022-07-04 00:00:00,1072.95,1075.08,1066.5,1071.76,10160.44
2022-07-04 01:00:00,1071.76,1073.69,1066.73,1073.32,8352.86
2022-07-04 02:00:00,1073.32,1074.52,1048.94,1049.62,17671.12
2022-07-04 03:00:00,1049.62,1053.23,1046.98,1050.82,8949.85
2022-07-04 04:00:00,1050.82,1055.37,1049.79,1054.61,5538.2
2022-07-04 05:00:00,1054.61,1056.23,1051.79,1053.37,9519.11
2022-07-04 06:00:00,1053.37,1055.98,1043.99,1046.0,10896.5
2022-07-04 07:00:00,1046.0,1050.66,1045.2,1049.68,6616.4
2022-07-04 08:00:00,1049.68,1053.07,1048.94,1049.94,4350.72
2022-07-04 09:00:00,1049.94,1070.34,1049.46,1067.52,13092.27
2022-07-04 10:00:00,1067.52,1078.22,1067.52,1073.96,12153.5
2022-07-04 11:00:00,1073.96,1103.84,1070.82,1100.06,27029.95
2022-07-04 12:00:00,1100.06,1111.86,1099.31,1107.43,25142.43
2022-07-04 13:00:00,1107.43,1108.54,1089.03,1089.03,16861.72
2022-07-04 14:00:00,1089.03,1093.7,1083.04,1089.14,14424.36
2022-07-04 15:00:00,1089.14,1126.37,1088.77,1110.85,38082.57
2022-07-04 16:00:00,1110.85,1114.88,1102.26,1108.14,13002.67
2022-07-04 17:00:00,1108.14,1132.22,1107.59,1124.53,30032.53
2022-07-04 18:00:00,1124.53,1133.19,1119.23,1129.2,10994.07
2022-07-04 19:00:00,1129.2,1132.56,1117.28,1122.17,14491.24
2022-07-04 20:00:00,1122.17,1125.18,1116.28,1120.49,6398.23
2022-07-04 21:00:00,1120.49,1143.25,1118.21,1134.03,19679.04
2022-07-04 22:00:00,1134.03,1147.34,1130.12,1141.8,20869.47
2022-07-04 23:00:00,1141.8,1159.39,1139.74,1149.81,29188.82
2022-07-05 00:00:00,1149.81,1161.23,1147.42,1152.31,22258.46
2022-07-05 01:00:00,1152.31,1154.18,1144.63,1150.54,9688.61
2022-07-05 02:00:00,1150.54,1150.85,1140.95,1143.03,10255.7
2022-07-05 03:00:00,1143.03,1154.71,1143.03,1151.76,13746.05
2022-07-05 04:00:00,1151.76,1152.47,1141.27,1149.7,16320.85
2022-07-05 05:00:00,1149.7,1165.66,1147.23,1156.98,18394.22
2022-07-05 06:00:00,1156.98,1170.54,1156.54,1164.68,19288.23
2022-07-05 07:00:00,1164.68,1164.76,1153.01,1156.82,17492.84
2022-07-05 08:00:00,1156.82,1157.15,1133.3,1136.49,23008.94
2022-07-05 09:00:00,1136.49,1139.42,1119.98,1128.53,22336.08
2022-07-05 10:00:00,1128.53,1131.07,1124.3,1127.45,9586.38
2022-07-05 11:00:00,1127.45,1132.35,1106.71,1110.45,23011.22
2022-07-05 12:00:00,1110.45,1110.86,1091.64,1092.03,22518.74
2022-07-05 13:00:00,1092.03,1102.93,1086.27,1094.2,32803.19
2022-07-05 14:00:00,1094.2,1106.21,1088.5,1092.73,31868.1
2022-07-05 15:00:00,1092.73,1093.9,1076.57,1091.86,21383.79
2022-07-05 16:00:00,1091.86,1102.4,1087.46,1094.73,18225.12
2022-07-05 17:00:00,1094.73,1106.25,1093.72,1101.67,13831.21
2022-07-05 18:00:00,1101.67,1126.67,1098.63,1126.45,20859.63
2022-07-05 19:00:00,1126.45,1151.75,1123.26,1145.39,29626.2
2022-07-05 20:00:00,1145.39,1168.52,1144.38,1153.6,34359.34
2022-07-05 21:00:00,1153.6,1157.14,1137.64,1151.42,24459.84
2022-07-05 22:00:00,1151.42,1153.63,1137.73,1150.14,14124.01
2022-07-05 23:00:00,1150.14,1150.3,1127.65,1131.96,17613.76
2022-07-06 00:00:00,1131.96,1152.57,1125.02,1142.95,16878.23
2022-07-06 01:00:00,1142.95,1146.4,1112.79,1114.16,20384.99
2022-07-06 02:00:00,1114.16,1122.02,1110.65,1118.08,14446.51
2022-07-06 03:00:00,1118.08,1131.9,1112.81,1129.85,12513.79
2022-07-06 04:00:00,1129.85,1149.04,1126.5,1131.36,21202.93
2022-07-06 05:00:00,1131.36,1140.93,1121.97,1129.9,11842.8
2022-07-06 06:00:00,1129.9,1133.82,1119.65,1133.35,8018.09
2022-07-06 07:00:00,1133.35,1143.22,1131.96,1137.99,11586.93
2022-07-06 08:00:00,1137.99,1147.13,1133.0,1139.95,12124.79
2022-07-06 09:00:00,1139.95,1153.63,1136.6,1145.48,14871.29
2022-07-06 10:00:00,1145.48,1146.63,1132.26,1139.19,16201.44
2022-07-06 11:00:00,1139.19,1140.18,1127.19,1132.69,15070.15
2022-07-06 12:00:00,1132.69,1138.74,1121.89,1134.62,16511.15
2022-07-06 13:00:00,1134.62,1149.54,1126.41,1140.01,34037.69
2022-07-06 14:00:00,1140.01,1145.25,1131.97,1138.59,29510.2
2022-07-06 15:00:00,1138.59,1138.63,1126.88,1132.26,16170.98
2022-07-06 16:00:00,1132.26,1145.91,1131.34,1144.35,13210.13
2022-07-06 17:00:00,1144.35,1148.32,1136.98,1140.49,12874.91
2022-07-06 18:00:00,1140.49,1165.03,1132.97,1161.58,60005.01
2022-07-06 19:00:00,1161.58,1167.78,1146.99,1152.0,28849.09
2022-07-06 20:00:00,1152.0,1163.67,1150.46,1160.65,18161.82
2022-07-06 21:00:00,1160.65,1163.16,1154.33,1161.08,9461.73
2022-07-06 22:00:00,1161.08,1192.02,1160.85,1189.85,35712.67
2022-07-06 23:00:00,1189.85,1202.1,1185.12,1185.41,22889.21
2022-07-07 00:00:00,1185.41,1188.8,1179.65,1183.75,17024.8
2022-07-07 01:00:00,1183.75,1187.72,1178.22,1183.84,15571.38
2022-07-07 02:00:00,1183.84,1186.12,1165.63,1169.67,21730.09
2022-07-07 03:00:00,1169.67,1176.88,1167.22,1175.1,7651.02
2022-07-07 04:00:00,1175.1,1176.06,1165.36,1170.55,7335.09
2022-07-07 05:00:00,1170.55,1174.28,1163.08,1164.2,7881.61
2022-07-07 06:00:00,1164.2,1169.36,1162.49,1167.91,6034.72
2022-07-07 07:00:00,1167.91,1176.67,1166.5,1175.83,10263.58
2022-07-07 08:00:00,1175.83,1188.92,1172.79,1185.03,17772.63
2022-07-07 09:00:00,1185.03,1192.6,1181.33,1184.63,16947.33
2022-07-07 10:00:00,1184.63,1186.62,1179.55,1185.54,13136.4
2022-07-07 11:00:00,1185.54,1185.87,1177.94,1185.01,12816.16
2022-07-07 12:00:00,1185.01,1190.76,1178.79,1186.95,16976.01
2022-07-07 13:00:00,1186.95,1200.54,1181.16,1196.54,28712.78
2022-07-07 14:00:00,1196.54,1227.5,1192.53,1222.18,60826.71
2022-07-07 15:00:00,1222.18,1227.93,1212.83,1219.74,24586.96
2022-07-07 16:00:00,1219.74,1238.73,1214.43,1232.81,33655.7
2022-07-07 17:00:00,1232.81,1233.42,1216.62,1221.36,36953.41
2022-07-07 18:00:00,1221.36,1237.35,1220.56,1233.91,34953.37
2022-07-07 19:00:00,1233.91,1253.43,1233.77,1247.33,53005.23
2022-07-07 20:00:00,1247.33,1249.46,1233.13,1237.81,25710.97
2022-07-07 21:00:00,1237.81,1241.43,1233.1,1239.46,11663.03
2022-07-07 22:00:00,1239.46,1241.15,1224.99,1229.38,19518.09
2022-07-07 23:00:00,1229.38,1244.44,1227.5,1236.64,21541.52
2022-07-08 00:00:00,1236.64,1242.76,1230.9,1241.51,12353.19
2022-07-08 01:00:00,1241.51,1274.65,1239.2,1261.4,41845.65
2022-07-08 02:00:00,1261.4,1263.25,1242.28,1253.17,28856.78
2022-07-08 03:00:00,1253.17,1259.03,1250.06,1258.81,22781.44
2022-07-08 04:00:00,1258.81,1266.91,1252.33,1252.75,20244.66
2022-07-08 05:00:00,1252.75,1255.6,1239.37,1244.69,17530.38
2022-07-08 06:00:00,1244.69,1247.88,1239.77,1243.73,8837.24
2022-07-08 07:00:00,1243.73,1245.03,1234.23,1240.7,11713.38
2022-07-08 08:00:00,1240.7,1243.9,1216.13,1216.64,19417.49
2022-07-08 09:00:00,1216.64,1219.84,1204.0,1216.39,23575.89
2022-07-08 10:00:00,1216.39,1230.25,1212.79,1216.85,14470.58
2022-07-08 11:00:00,1216.85,1226.5,1213.74,1219.42,15140.61
2022-07-08 12:00:00,1219.42,1233.19,1199.5,1210.72,45173.03
2022-07-08 13:00:00,1210.72,1219.45,1193.54,1198.38,36327.39
2022-07-08 14:00:00,1198.38,1230.66,1192.55,1225.86,43094.58
2022-07-08 15:00:00,1225.86,1240.49,1222.07,1235.37,67418.85
2022-07-08 16:00:00,1235.37,1235.82,1214.06,1221.21,26251.72
2022-07-08 17:00:00,1221.21,1229.72,1216.19,1225.03,12831.21
2022-07-08 18:00:00,1225.03,1236.7,1221.72,1227.76,12639.12
2022-07-08 19:00:00,1227.76,1246.69,1220.88,1238.78,25929.6
2022-07-08 20:00:00,1238.78,1253.23,1235.77,1243.17,15129.92
2022-07-08 21:00:00,1243.17,1250.33,1227.44,1228.94,11016.62
2022-07-08 22:00:00,1228.94,1236.43,1228.1,1230.75,7736.55
2022-07-08 23:00:00,1230.75,1242.23,1211.1,1214.0,16248.05
2022-07-09 00:00:00,1214.0,1220.73,1206.65,1210.65,13336.48
2022-07-09 01:00:00,1210.65,1218.18,1208.97,1211.93,6477.83
2022-07-09 02:00:00,1211.93,1216.14,1211.14,1214.82,3881.4
2022-07-09 03:00:00,1214.82,1216.57,1204.27,1216.2,4957.71
2022-07-09 04:00:00,1216.2,1218.08,1210.1,1217.0,4826.09
2022-07-09 05:00:00,1217.0,1222.01,1211.02,1213.97,4727.49
2022-07-09 06:00:00,1213.97,1218.55,1213.01,1217.0,3562.73
2022-07-09 07:00:00,1217.0,1226.39,1216.59,1224.3,7331.02
2022-07-09 08:00:00,1224.3,1226.73,1217.95,1226.43,3926.25
2022-07-09 09:00:00,1226.43,1226.43,1216.1,1219.11,3110.19
2022-07-09 10:00:00,1219.11,1224.64,1216.05,1224.28,2907.6
2022-07-09 11:00:00,1224.28,1225.69,1205.36,1209.47,9490.43
2022-07-09 12:00:00,1209.47,1215.49,1206.35,1213.58,10884.32
2022-07-09 13:00:00,1213.58,1217.66,1210.16,1213.29,4707.45
2022-07-09 14:00:00,1213.29,1221.83,1211.35,1213.95,11950.49
2022-07-09 15:00:00,1213.95,1217.71,1212.44,1214.9,3070.8
2022-07-09 16:00:00,1214.9,1223.06,1213.73,1221.74,4570.97
2022-07-09 17:00:00,1221.74,1232.45,1219.87,1227.55,10728.7
2022-07-09 18:00:00,1227.55,1232.47,1222.23,1222.9,7098.2
2022-07-09 19:00:00,1222.9,1223.73,1209.02,1218.17,9288.89
2022-07-09 20:00:00,1218.17,1220.08,1214.8,1219.31,3219.28
2022-07-09 21:00:00,1219.31,1222.93,1218.1,1220.97,3567.55
2022-07-09 22:00:00,1220.97,1225.79,1213.98,1215.84,5934.51
2022-07-09 23:00:00,1215.84,1219.65,1212.69,1216.53,4216.36
2022-07-10 00:00:00,1216.53,1217.29,1209.91,1209.91,6348.8
2022-07-10 01:00:00,1209.91,1219.06,1208.13,1209.67,6636.04
2022-07-10 02:00:00,1209.67,1212.59,1182.4,1189.99,22461.21
2022-07-10 03:00:00,1189.99,1190.73,1183.83,1187.99,8219.61
2022-07-10 04:00:00,1187.99,1194.49,1183.92,1191.56,6818.12
2022-07-10 05:00:00,1191.56,1194.57,1191.04,1193.05,2867.72
2022-07-10 06:00:00,1193.05,1193.12,1185.4,1188.28,3134.83
2022-07-10 07:00:00,1188.28,1191.22,1185.37,1189.0,2445.52
2022-07-10 08:00:00,1189.0,1193.17,1181.38,1187.32,4567.2
2022-07-10 09:00:00,1187.32,1189.8,1184.08,1186.47,3211.3
2022-07-10 10:00:00,1186.47,1187.71,1176.45,1181.77,6843.49
2022-07-10 11:00:00,1181.77,1183.49,1173.87,1182.6,5176.59
2022-07-10 12:00:00,1182.6,1186.38,1181.82,1183.91,2459.7
2022-07-10 13:00:00,1183.91,1183.99,1170.03,1175.14,7623.88
2022-07-10 14:00:00,1175.14,1175.38,1156.13,1158.7,15717.81
2022-07-10 15:00:00,1158.7,1166.38,1157.03,1162.61,12717.73
2022-07-10 16:00:00,1162.61,1175.3,1153.51,1171.71,11521.55
2022-07-10 17:00:00,1171.71,1174.17,1169.69,1171.06,4852.55
2022-07-10 18:00:00,1171.06,1171.65,1163.88,1167.46,5595.75
2022-07-10 19:00:00,1167.46,1173.4,1162.19,1173.4,7887.4
2022-07-10 20:00:00,1173.4,1182.45,1170.24,1177.51,9639.95
2022-07-10 21:00:00,1177.51,1184.36,1176.17,1176.86,9969.67
2022-07-10 22:00:00,1176.86,1176.86,1160.48,1168.08,19916.68
2022-07-10 23:00:00,1168.08,1169.35,1162.93,1167.31,6872.07
2022-07-11 00:00:00,1167.31,1170.23,1156.76,1169.44,9659.82
2022-07-11 01:00:00,1169.44,1169.64,1149.01,1151.65,16764.85
2022-07-11 02:00:00,1151.65,1154.37,1143.68,1148.38,9431.3
2022-07-11 03:00:00,1148.38,1154.92,1142.83,1153.89,10003.73
2022-07-11 04:00:00,1153.89,1154.29,1143.05,1148.74,5673.54
2022-07-11 05:00:00,1148.74,1151.83,1144.15,1146.58,6035.41
2022-07-11 06:00:00,1146.58,1147.89,1137.23,1139.29,13552.18
2022-07-11 07:00:00,1139.29,1144.42,1138.23,1142.86,8848.1
2022-07-11 08:00:00,1142.86,1146.23,1141.02,1141.9,5442.22
2022-07-11 09:00:00,1141.9,1148.66,1141.12,1146.38,4488.48
2022-07-11 10:00:00,1146.38,1149.0,1142.81,1143.7,4715.12
2022-07-11 11:00:00,1143.7,1148.42,1139.75,1142.59,11871.91
2022-07-11 12:00:00,1142.59,1153.52,1138.51,1152.08,10965.18
2022-07-11 13:00:00,1152.08,1160.35,1130.33,1135.4,28046.36
2022-07-11 14:00:00,1135.4,1144.17,1128.19,1138.28,18294.42
2022-07-11 15:00:00,1138.28,1143.07,1133.74,1142.64,13037.04
2022-07-11 16:00:00,1142.64,1147.52,1139.42,1140.81,9836.9
2022-07-11 17:00:00,1140.81,1155.32,1140.64,1153.59,10224.05
2022-07-11 18:00:00,1153.59,1155.52,1146.62,1148.21,22506.18
2022-07-11 19:00:00,1148.21,1149.11,1135.44,1140.2,36278.6
2022-07-11 20:00:00,1140.2,1143.43,1133.52,1137.33,10762.23
2022-07-11 21:00:00,1137.33,1137.62,1117.58,1120.7,10722.52
2022-07-11 22:00:00,1120.7,1120.78,1085.3,1098.25,75445.32
2022-07-11 23:00:00,1098.25,1100.32,1090.76,1095.67,20552.35
2022-07-12 00:00:00,1095.67,1097.18,1081.99,1084.78,23122.9
2022-07-12 01:00:00,1084.78,1094.14,1083.9,1090.02,13432.87
2022-07-12 02:00:00,1090.02,1092.96,1088.24,1090.01,10845.67
2022-07-12 03:00:00,1090.01,1090.01,1080.56,1085.2,11260.51
2022-07-12 04:00:00,1085.2,1090.78,1083.91,1087.3,14355.49
2022-07-12 05:00:00,1087.3,1091.92,1085.97,1086.03,6074.28
2022-07-12 06:00:00,1086.03,1086.15,1076.04,1077.81,16755.59
2022-07-12 07:00:00,1077.81,1078.42,1061.9,1067.92,26620.18
2022-07-12 08:00:00,1067.92,1069.37,1060.32,1066.08,26405.95
2022-07-12 09:00:00,1066.08,1067.99,1053.06,1053.47,16341.48
2022-07-12 10:00:00,1053.47,1063.71,1053.32,1056.94,10534.78
2022-07-12 11:00:00,1056.94,1070.38,1056.24,1064.98,17025.61
2022-07-12 12:00:00,1064.98,1073.93,1064.53,1071.75,13613.32
2022-07-12 13:00:00,1071.75,1080.79,1065.24,1066.14,28884.13
2022-07-12 14:00:00,1066.14,1076.09,1060.86,1075.11,30263.88
2022-07-12 15:00:00,1075.11,1082.02,1073.67,1074.7,33434.14
2022-07-12 16:00:00,1074.7,1087.27,1073.76,1082.14,30571.36
2022-07-12 17:00:00,1082.14,1083.23,1072.11,1075.05,25453.81
2022-07-12 18:00:00,1075.05,1075.57,1059.57,1060.23,22500.08
2022-07-12 19:00:00,1060.23,1060.23,1032.47,1040.63,70151.84
2022-07-12 20:00:00,1040.63,1049.11,1036.69,1046.27,21172.75
2022-07-12 21:00:00,1046.27,1050.26,1039.78,1039.78,9013.01
2022-07-12 22:00:00,1039.78,1048.23,1035.41,1041.76,16685.99
2022-07-12 23:00:00,1041.76,1047.55,1034.09,1037.37,19500.21
2022-07-13 00:00:00,1037.37,1045.33,1034.55,1041.47,21876.4
2022-07-13 01:00:00,1041.47,1047.76,1040.32,1045.95,11217.09
2022-07-13 02:00:00,1045.95,1058.59,1045.94,1055.82,12546.44
2022-07-13 03:00:00,1055.82,1057.39,1050.13,1051.34,7849.62
2022-07-13 04:00:00,1051.34,1056.28,1048.4,1050.81,10067.39
2022-07-13 05:00:00,1050.81,1062.26,1049.29,1057.89,8837.84
2022-07-13 06:00:00,1057.89,1060.7,1054.41,1060.7,8476.18
2022-07-13 07:00:00,1060.7,1070.96,1056.08,1068.48,13764.04
2022-07-13 08:00:00,1068.48,1078.32,1064.92,1075.47,17769.8
2022-07-13 09:00:00,1075.47,1077.38,1071.62,1072.94,5685.65
2022-07-13 10:00:00,1072.94,1075.06,1067.29,1071.23,7438.73
2022-07-13 11:00:00,1071.23,1084.03,1069.52,1080.87,18277.44
2022-07-13 12:00:00,1080.87,1101.2,1009.82,1028.61,166153.94
2022-07-13 13:00:00,1028.61,1045.22,1015.67,1041.09,143335.07
2022-07-13 14:00:00,1041.09,1071.55,1032.04,1065.56,77977.85
2022-07-13 15:00:00,1065.56,1073.05,1055.35,1059.92,34755.16
2022-07-13 16:00:00,1059.92,1073.12,1048.79,1072.81,27807.19
2022-07-13 17:00:00,1072.81,1096.6,1071.56,1093.64,43959.02
2022-07-13 18:00:00,1093.64,1094.13,1081.32,1089.7,33023.06
2022-07-13 19:00:00,1089.7,1092.45,1074.42,1075.6,20125.11
2022-07-13 20:00:00,1075.6,1080.1,1074.16,1075.87,13149.35
2022-07-13 21:00:00,1075.87,1091.1,1075.02,1089.59,12808.56
2022-07-13 22:00:00,1089.59,1095.85,1082.62,1085.65,17932.41
2022-07-13 23:00:00,1085.65,1117.22,1085.41,1114.57,34921.59
2022-07-14 00:00:00,1114.57,1121.85,1108.87,1113.53,24908.96
2022-07-14 01:00:00,1113.53,1125.91,1109.8,1112.87,20152.85
2022-07-14 02:00:00,1112.87,1115.3,1108.5,1111.23,9784.56
2022-07-14 03:00:00,1111.23,1118.58,1110.4,1111.92,18347.66
2022-07-14 04:00:00,1111.92,1114.08,1103.71,1105.26,12856.43
2022-07-14 05:00:00,1105.26,1112.66,1102.65,1105.07,5747.9
2022-07-14 06:00:00,1105.07,1106.38,1094.15,1101.56,13282.01
2022-07-14 07:00:00,1101.56,1102.95,1092.77,1096.87,10660.97
2022-07-14 08:00:00,1096.87,1099.89,1082.33,1083.9,14332.32
2022-07-14 09:00:00,1083.9,1088.48,1076.53,1088.38,10879.73
2022-07-14 10:00:00,1088.38,1091.35,1083.28,1086.5,8565.52
2022-07-14 11:00:00,1086.5,1087.92,1072.08,1080.72,16932.89
2022-07-14 12:00:00,1080.72,1090.28,1073.05,1086.61,19999.43
2022-07-14 13:00:00,1086.61,1089.35,1074.68,1084.07,30796.24
2022-07-14 14:00:00,1084.07,1100.59,1077.74,1095.98,23516.18
2022-07-14 15:00:00,1095.98,1146.74,1095.98,1140.22,63148.71
2022-07-14 16:00:00,1140.22,1148.71,1132.75,1139.75,37856.78
2022-07-14 17:00:00,1139.75,1198.42,1136.78,1195.65,81152.22
2022-07-14 18:00:00,1195.65,1203.74,1188.77,1194.19,41188.86
2022-07-14 19:00:00,1194.19,1211.87,1186.99,1192.9,33951.25
2022-07-14 20:00:00,1192.9,1199.85,1187.66,1192.8,20388.95
2022-07-14 21:00:00,1192.8,1195.45,1179.75,1181.07,12443.1
2022-07-14 22:00:00,1181.07,1191.92,1176.67,1186.63,14788.35
2022-07-14 23:00:00,1186.63,1195.77,1184.89,1192.56,13853.69
2022-07-15 00:00:00,1192.56,1193.18,1180.38,1181.77,14652.94
2022-07-15 01:00:00,1181.77,1210.98,1181.5,1209.01,20485.27
2022-07-15 02:00:00,1209.01,1221.83,1191.65,1195.02,39944.37
2022-07-15 03:00:00,1195.02,1202.06,1190.48,1199.11,12630.39
2022-07-15 04:00:00,1199.11,1209.9,1189.33,1192.38,17863.68
2022-07-15 05:00:00,1192.38,1207.3,1189.83,1207.06,13599.92
2022-07-15 06:00:00,1207.06,1207.84,1195.7,1197.38,15247.6
2022-07-15 07:00:00,1197.38,1217.11,1193.07,1211.4,24484.26
2022-07-15 08:00:00,1211.4,1217.38,1202.89,1205.2,23251.24
2022-07-15 09:00:00,1205.2,1229.8,1204.74,1218.44,57295.31
2022-07-15 10:00:00,1218.44,1222.88,1215.09,1219.89,18157.6
2022-07-15 11:00:00,1219.89,1227.83,1210.33,1210.7,23390.93
2022-07-15 12:00:00,1210.7,1234.61,1207.61,1227.07,44962.72
2022-07-15 13:00:00,1227.07,1231.75,1216.26,1222.06,40023.81
2022-07-15 14:00:00,1222.06,1236.44,1221.96,1228.08,42233.23
2022-07-15 15:00:00,1228.08,1236.75,1221.82,1222.27,20402.81
2022-07-15 16:00:00,1222.27,1226.2,1203.32,1211.85,28310.98
2022-07-15 17:00:00,1211.85,1234.6,1211.02,1221.63,32825.07
2022-07-15 18:00:00,1221.63,1255.8,1221.06,1254.54,53717.69
2022-07-15 19:00:00,1254.54,1269.3,1248.74,1266.93,44623.16
2022-07-15 20:00:00,1266.93,1286.06,1253.67,1256.43,64587.85
2022-07-15 21:00:00,1256.43,1262.15,1243.3,1256.43,19075.98
2022-07-15 22:00:00,1256.43,1258.78,1244.37,1248.95,10989.66
2022-07-15 23:00:00,1248.95,1251.35,1227.48,1231.23,21524.59
2022-07-16 00:00:00,1231.23,1235.02,1212.76,1212.88,19300.15
2022-07-16 01:00:00,1212.88,1236.7,1209.9,1220.13,29585.74
2022-07-16 02:00:00,1220.13,1222.24,1209.89,1219.6,7206.67
2022-07-16 03:00:00,1219.6,1224.46,1218.12,1221.99,4455.14
2022-07-16 04:00:00,1221.99,1222.66,1212.13,1222.01,10313.87
2022-07-16 05:00:00,1222.01,1222.48,1205.37,1205.64,10375.48
2022-07-16 06:00:00,1205.64,1209.96,1193.78,1197.96,15470.2
2022-07-16 07:00:00,1197.96,1203.82,1191.62,1197.13,6575.0
2022-07-16 08:00:00,1197.13,1205.81,1195.74,1198.01,7292.7
2022-07-16 09:00:00,1198.01,1200.34,1194.28,1197.16,3840.79
2022-07-16 10:00:00,1197.16,1204.84,1193.25,1197.84,5200.91
2022-07-16 11:00:00,1197.84,1204.39,1195.72,1197.94,5078.57
2022-07-16 12:00:00,1197.94,1219.35,1196.04,1214.6,9465.83
2022-07-16 13:00:00,1214.6,1236.89,1212.75,1234.86,16624.56
2022-07-16 14:00:00,1234.86,1246.96,1231.68,1244.61,15876.86
2022-07-16 15:00:00,1244.61,1276.63,1244.47,1274.88,26859.61
2022-07-16 16:00:00,1274.88,1400.05,1272.54,1357.85,158462.92
2022-07-16 17:00:00,1357.85,1363.89,1326.05,1327.13,46202.43
2022-07-16 18:00:00,1327.13,1341.07,1324.09,1336.11,34499.37
2022-07-16 19:00:00,1336.11,1356.68,1331.6,1335.61,18807.28
2022-07-16 20:00:00,1335.61,1347.15,1314.23,1347.15,25776.66
2022-07-16 21:00:00,1347.15,1361.52,1337.55,1344.82,14074.96
2022-07-16 22:00:00,1344.82,1359.36,1338.69,1357.34,13813.1
2022-07-16 23:00:00,1357.34,1358.74,1344.79,1356.31,12904.99
2022-07-17 00:00:00,1356.31,1385.31,1355.67,1363.22,33271.59
2022-07-17 01:00:00,1363.22,1367.62,1328.33,1338.21,22716.51
2022-07-17 02:00:00,1338.21,1347.99,1335.85,1343.02,12493.95
2022-07-17 03:00:00,1343.02,1366.15,1342.8,1353.51,14388.9
2022-07-17 04:00:00,1353.51,1363.06,1347.15,1351.23,12633.64
2022-07-17 05:00:00,1351.23,1361.65,1349.9,1350.78,12937.86
2022-07-17 06:00:00,1350.78,1376.37,1350.43,1374.5,19478.66
2022-07-17 07:00:00,1374.5,1374.72,1359.51,1361.73,14611.94
2022-07-17 08:00:00,1361.73,1367.72,1355.97,1366.76,9519.43
2022-07-17 09:00:00,1366.76,1375.15,1354.36,1356.34,15780.61
2022-07-17 10:00:00,1356.34,1357.93,1337.41,1357.39,17891.63
2022-07-17 11:00:00,1357.39,1365.6,1348.77,1363.36,11174.68
2022-07-17 12:00:00,1363.36,1366.52,1350.03,1354.9,11310.84
2022-07-17 13:00:00,1354.9,1364.59,1330.49,1338.82,33758.18
2022-07-17 14:00:00,1338.82,1357.1,1338.16,1350.17,14532.36
2022-07-17 15:00:00,1350.17,1357.04,1345.06,1351.64,14109.24
2022-07-17 16:00:00,1351.64,1354.8,1339.87,1344.68,17601.43
2022-07-17 17:00:00,1344.68,1380.87,1320.65,1327.07,52684.98
2022-07-17 18:00:00,1327.07,1343.07,1323.13,1335.63,27740.28
2022-07-17 19:00:00,1335.63,1352.69,1334.06,1347.74,16554.79
2022-07-17 20:00:00,1347.74,1349.35,1339.37,1343.96,9505.94
2022-07-17 21:00:00,1343.96,1367.73,1340.62,1365.25,19398.79
2022-07-17 22:00:00,1365.25,1375.12,1349.4,1360.03,18422.75
2022-07-17 23:00:00,1360.03,1360.41,1335.14,1337.97,20694.78
2022-07-18 00:00:00,1337.97,1356.27,1335.77,1347.77,18013.86
2022-07-18 01:00:00,1347.77,1364.13,1347.56,1359.36,13646.37
2022-07-18 02:00:00,1359.36,1418.15,1358.95,1411.86,47772.7
2022-07-18 03:00:00,1411.86,1421.32,1395.96,1406.51,35070.97
2022-07-18 04:00:00,1406.51,1411.94,1393.98,1411.94,22196.98
2022-07-18 05:00:00,1411.94,1443.92,1408.94,1433.24,54845.5
2022-07-18 06:00:00,1433.24,1462.16,1426.93,1454.85,45378.01
2022-07-18 07:00:00,1454.85,1473.25,1448.87,1467.11,29080.49
2022-07-18 08:00:00,1467.11,1496.75,1462.96,1478.11,54086.73
2022-07-18 09:00:00,1478.11,1487.46,1470.69,1484.06,37189.36
2022-07-18 10:00:00,1484.06,1508.21,1471.73,1484.77,56903.85
2022-07-18 11:00:00,1484.77,1496.91,1465.73,1478.46,43879.03
2022-07-18 12:00:00,1478.46,1486.64,1454.99,1484.3,43451.65
2022-07-18 13:00:00,1484.3,1492.98,1471.02,1475.05,45401.32
2022-07-18 14:00:00,1475.05,1487.19,1464.01,1485.38,37895.73
2022-07-18 15:00:00,1485.38,1527.35,1477.89,1523.49,43099.99
2022-07-18 16:00:00,1523.49,1530.18,1490.07,1495.58,70776.89
2022-07-18 17:00:00,1495.58,1496.58,1465.77,1468.85,45908.43
2022-07-18 18:00:00,1468.85,1485.62,1464.23,1474.9,36353.99
2022-07-18 19:00:00,1474.9,1477.87,1450.82,1470.61,57683.26
2022-07-18 20:00:00,1470.61,1483.21,1461.17,1471.13,26941.66
2022-07-18 21:00:00,1471.13,1494.39,1468.92,1487.07,22547.27
2022-07-18 22:00:00,1487.07,1520.51,1484.15,1514.15,27637.44
2022-07-18 23:00:00,1514.15,1593.79,1512.81,1583.55,112126.79
2022-07-19 00:00:00,1583.55,1625.03,1541.93,1560.4,116495.62
2022-07-19 01:00:00,1560.4,1565.47,1526.37,1528.06,46279.79
2022-07-19 02:00:00,1528.06,1531.04,1511.99,1523.53,40288.81
2022-07-19 03:00:00,1523.53,1546.17,1511.67,1515.79,34005.24
2022-07-19 04:00:00,1515.79,1523.8,1493.29,1520.04,34378.33
2022-07-19 05:00:00,1520.04,1542.54,1514.51,1529.33,22019.84
2022-07-19 06:00:00,1529.33,1541.07,1501.32,1518.57,44608.74
2022-07-19 07:00:00,1518.57,1527.12,1507.46,1511.11,27352.77
2022-07-19 08:00:00,1511.11,1536.83,1505.91,1534.94,24890.82
2022-07-19 09:00:00,1534.94,1538.71,1522.55,1533.58,19027.64
2022-07-19 10:00:00,1533.58,1553.06,1520.1,1541.58,32611.44
2022-07-19 11:00:00,1541.58,1561.39,1534.29,1542.55,27874.49
2022-07-19 12:00:00,1542.55,1564.13,1539.94,1560.83,27733.08
2022-07-19 13:00:00,1560.83,1576.89,1539.49,1559.34,48259.29
2022-07-19 14:00:00,1559.34,1560.03,1529.81,1548.03,46050.11
2022-07-19 15:00:00,1548.03,1550.98,1507.21,1540.88,59696.17
2022-07-19 16:00:00,1540.88,1585.6,1535.64,1564.06,57141.86
2022-07-19 17:00:00,1564.06,1581.56,1547.76,1575.22,26439.07
2022-07-19 18:00:00,1575.22,1577.25,1559.12,1572.22,26628.76
2022-07-19 19:00:00,1572.22,1588.88,1559.44,1561.37,31131.14
2022-07-19 20:00:00,1561.37,1565.0,1548.7,1559.12,17545.82
2022-07-19 21:00:00,1559.12,1587.95,1556.61,1576.14,18073.86
2022-07-19 22:00:00,1576.14,1579.94,1555.78,1563.71,12503.53
2022-07-19 23:00:00,1563.71,1576.97,1526.29,1543.12,33987.31
2022-07-20 00:00:00,1543.12,1544.61,1510.89,1522.7,29129.45
2022-07-20 01:00:00,1522.7,1548.42,1518.41,1539.76,19910.44
2022-07-20 02:00:00,1539.76,1552.03,1536.42,1546.45,14831.88
2022-07-20 03:00:00,1546.45,1568.35,1542.89,1562.49,18709.99
2022-07-20 04:00:00,1562.49,1569.51,1553.29,1561.9,16168.79
2022-07-20 05:00:00,1561.9,1576.45,1558.02,1568.54,13201.25
2022-07-20 06:00:00,1568.54,1579.34,1566.65,1570.03,17592.6
2022-07-20 07:00:00,1570.03,1572.36,1535.17,1535.55,25480.07
2022-07-20 08:00:00,1535.55,1544.46,1527.23,1532.38,15919.74
2022-07-20 09:00:00,1532.38,1555.3,1528.27,1551.1,12165.9
2022-07-20 10:00:00,1551.1,1607.05,1548.36,1592.54,46191.31
2022-07-20 11:00:00,1592.54,1614.22,1585.93,1603.52,32785.0
2022-07-20 12:00:00,1603.52,1614.97,1583.65,1601.95,44411.21
2022-07-20 13:00:00,1601.95,1620.73,1588.51,1590.47,38573.12
2022-07-20 14:00:00,1590.47,1609.94,1588.26,1606.14,28930.03
2022-07-20 15:00:00,1606.14,1607.57,1591.44,1597.15,31865.55
2022-07-20 16:00:00,1597.15,1598.18,1544.77,1558.76,42141.54
2022-07-20 17:00:00,1558.76,1565.23,1537.7,1546.19,33423.73
2022-07-20 18:00:00,1546.19,1572.81,1546.12,1560.78,19212.96
2022-07-20 19:00:00,1560.78,1575.95,1547.29,1551.83,19755.21
2022-07-20 20:00:00,1551.83,1559.93,1487.09,1520.59,73029.5
2022-07-20 21:00:00,1520.59,1567.38,1516.72,1545.37,23007.37
2022-07-20 22:00:00,1545.37,1549.5,1526.55,1527.05,17595.47
2022-07-20 23:00:00,1527.05,1536.03,1507.61,1521.72,21847.12
2022-07-21 00:00:00,1521.72,1539.81,1516.15,1528.59,16510.81
2022-07-21 01:00:00,1528.59,1552.31,1524.02,1530.45,24575.97
2022-07-21 02:00:00,1530.45,1538.29,1488.5,1488.62,32262.14
2022-07-21 03:00:00,1488.62,1499.07,1483.22,1487.8,23891.68
2022-07-21 04:00:00,1487.8,1493.92,1465.28,1485.24,27854.57
2022-07-21 05:00:00,1485.24,1496.36,1483.25,1491.79,13973.73
2022-07-21 06:00:00,1491.79,1493.73,1471.23,1475.35,14719.84
2022-07-21 07:00:00,1475.35,1497.56,1472.86,1488.04,14738.51
2022-07-21 08:00:00,1488.04,1493.33,1481.85,1490.29,17420.46
2022-07-21 09:00:00,1490.29,1516.61,1489.66,1510.88,18518.59
2022-07-21 10:00:00,1510.88,1518.87,1496.28,1497.39,11422.67
2022-07-21 11:00:00,1497.39,1503.24,1478.09,1489.2,20310.72
2022-07-21 12:00:00,1489.2,1515.19,1484.83,1505.66,34420.99
2022-07-21 13:00:00,1505.66,1508.05,1489.99,1506.15,39164.14
2022-07-21 14:00:00,1506.15,1510.49,1481.14,1500.18,29263.58
2022-07-21 15:00:00,1500.18,1514.42,1499.21,1511.29,16185.75
2022-07-21 16:00:00,1511.29,1569.76,1510.09,1558.41,48466.89
2022-07-21 17:00:00,1558.41,1565.99,1530.39,1535.86,41486.07
2022-07-21 18:00:00,1535.86,1548.32,1534.0,1543.49,11221.24
2022-07-21 19:00:00,1543.49,1580.52,1543.49,1578.74,21935.25
2022-07-21 20:00:00,1578.74,1605.45,1576.36,1585.72,32433.07
2022-07-21 21:00:00,1585.72,1595.09,1582.61,1589.94,8350.03
2022-07-21 22:00:00,1589.94,1590.87,1565.65,1576.45,18724.98
2022-07-21 23:00:00,1576.45,1588.82,1569.74,1575.68,18736.16
2022-07-22 00:00:00,1575.68,1596.43,1570.2,1589.69,18164.03
2022-07-22 01:00:00,1589.69,1594.1,1572.34,1576.6,14136.35
2022-07-22 02:00:00,1576.6,1579.05,1562.2,1563.74,12722.26
2022-07-22 03:00:00,1563.74,1571.46,1553.68,1561.88,14150.61
2022-07-22 04:00:00,1561.88,1573.09,1556.25,1570.36,11519.7
2022-07-22 05:00:00,1570.36,1590.55,1562.9,1590.22,17529.63
2022-07-22 06:00:00,1590.22,1603.16,1586.64,1596.68,15821.68
2022-07-22 07:00:00,1596.68,1612.71,1587.08,1602.1,29045.73
2022-07-22 08:00:00,1602.1,1625.03,1596.18,1619.86,30335.21
2022-07-22 09:00:00,1619.86,1645.63,1619.26,1631.13,38679.11
2022-07-22 10:00:00,1631.13,1641.99,1623.75,1624.39,17152.31
2022-07-22 11:00:00,1624.39,1640.35,1622.66,1639.14,20218.37
2022-07-22 12:00:00,1639.14,1644.25,1624.82,1625.09,15739.14
2022-07-22 13:00:00,1625.09,1630.88,1598.39,1600.0,45505.79
2022-07-22 14:00:00,1600.0,1617.33,1588.2,1612.37,40039.85
2022-07-22 15:00:00,1612.37,1613.86,1569.89,1575.25,31771.49
2022-07-22 16:00:00,1575.25,1584.46,1564.61,1581.1,21029.42
2022-07-22 17:00:00,1581.1,1591.85,1559.15,1569.4,29773.92
2022-07-22 18:00:00,1569.4,1578.07,1559.62,1575.51,14621.42
2022-07-22 19:00:00,1575.51,1579.34,1519.46,1527.92,40254.76
2022-07-22 20:00:00,1527.92,1536.46,1517.35,1527.16,24146.68
2022-07-22 21:00:00,1527.16,1543.08,1523.66,1539.05,8657.18
2022-07-22 22:00:00,1539.05,1544.07,1529.37,1539.91,8621.24
2022-07-22 23:00:00,1539.91,1543.76,1532.23,1535.71,9116.95
2022-07-23 00:00:00,1535.71,1551.56,1524.2,1544.68,9543.41
2022-07-23 01:00:00,1544.68,1557.07,1542.61,1552.31,8616.82
2022-07-23 02:00:00,1552.31,1575.51,1551.11,1566.41,10016.82
2022-07-23 03:00:00,1566.41,1579.54,1563.89,1571.42,6421.9
2022-07-23 04:00:00,1571.42,1596.62,1564.51,1587.05,12980.32
2022-07-23 05:00:00,1587.05,1594.99,1576.16,1581.3,11053.55
2022-07-23 06:00:00,1581.3,1592.06,1577.96,1581.9,5025.99
2022-07-23 07:00:00,1581.9,1585.45,1568.59,1578.42,8452.2
2022-07-23 08:00:00,1578.42,1588.07,1547.7,1549.86,12167.77
2022-07-23 09:00:00,1549.86,1565.53,1547.11,1560.27,7316.18
2022-07-23 10:00:00,1560.27,1564.34,1535.23,1541.8,8267.65
2022-07-23 11:00:00,1541.8,1543.89,1519.39,1522.14,14214.06
2022-07-23 12:00:00,1522.14,1526.84,1503.51,1520.82,21126.48
2022-07-23 13:00:00,1520.82,1536.86,1519.18,1532.97,8964.33
2022-07-23 14:00:00,1532.97,1536.17,1509.85,1520.01,14744.83
2022-07-23 15:00:00,1520.01,1533.39,1517.22,1523.92,13558.01
2022-07-23 16:00:00,1523.92,1532.76,1517.68,1518.9,9562.8
2022-07-23 17:00:00,1518.9,1523.44,1495.56,1500.5,25693.53
2022-07-23 18:00:00,1500.5,1514.27,1489.25,1499.09,21291.61
2022-07-23 19:00:00,1499.09,1516.23,1490.25,1513.89,19736.19
2022-07-23 20:00:00,1513.89,1527.9,1511.58,1525.31,13014.17
2022-07-23 21:00:00,1525.31,1528.75,1515.29,1516.65,5647.06
2022-07-23 22:00:00,1516.65,1549.72,1515.58,1542.41,11822.27
2022-07-23 23:00:00,1542.41,1555.56,1540.32,1549.19,11266.3
2022-07-24 00:00:00,1549.19,1577.6,1549.0,1565.19,16167.93
2022-07-24 01:00:00,1565.19,1570.01,1549.89,1561.25,11145.84
2022-07-24 02:00:00,1561.25,1567.93,1553.67,1565.45,6091.75
2022-07-24 03:00:00,1565.45,1566.27,1547.28,1551.85,6586.24
2022-07-24 04:00:00,1551.85,1563.75,1547.49,1561.37,5788.62
2022-07-24 05:00:00,1561.37,1607.56,1560.46,1601.28,24426.6
2022-07-24 06:00:00,1601.28,1619.52,1600.39,1609.83,15983.65
2022-07-24 07:00:00,1609.83,1619.15,1603.36,1604.69,8207.1
2022-07-24 08:00:00,1604.69,1608.84,1593.91,1603.84,10204.49
2022-07-24 09:00:00,1603.84,1612.94,1596.65,1597.92,6666.4
2022-07-24 10:00:00,1597.92,1604.11,1580.53,1585.35,8690.29
2022-07-24 11:00:00,1585.35,1628.38,1584.58,1616.02,18106.54
2022-07-24 12:00:00,1616.02,1620.1,1575.73,1579.02,15202.84
2022-07-24 13:00:00,1579.02,1585.79,1573.79,1581.99,8839.89
2022-07-24 14:00:00,1581.99,1617.42,1574.55,1610.73,19280.51
2022-07-24 15:00:00,1610.73,1621.06,1604.26,1612.85,8221.04
2022-07-24 16:00:00,1612.85,1615.46,1584.51,1591.47,14201.78
2022-07-24 17:00:00,1591.47,1613.58,1590.86,1604.24,10320.68
2022-07-24 18:00:00,1604.24,1605.65,1591.45,1598.19,6139.31
2022-07-24 19:00:00,1598.19,1614.83,1594.48,1603.03,9195.72
2022-07-24 20:00:00,1603.03,1620.37,1599.42,1608.67,7691.54
2022-07-24 21:00:00,1608.67,1631.98,1608.05,1622.54,14120.12
2022-07-24 22:00:00,1622.54,1663.54,1597.56,1605.75,53027.75
2022-07-24 23:00:00,1605.75,1615.96,1589.77,1597.72,20886.13
2022-07-25 00:00:00,1597.72,1609.22,1556.02,1558.58,29205.01
2022-07-25 01:00:00,1558.58,1560.0,1534.73,1545.14,32224.68
2022-07-25 02:00:00,1545.14,1545.14,1516.49,1520.2,32886.46
2022-07-25 03:00:00,1520.2,1523.8,1500.55,1511.42,26069.55
2022-07-25 04:00:00,1511.42,1524.15,1500.05,1523.12,17857.85
2022-07-25 05:00:00,1523.12,1529.43,1515.43,1528.61,16983.01
2022-07-25 06:00:00,1528.61,1529.06,1515.15,1519.7,8876.35
2022-07-25 07:00:00,1519.7,1528.82,1515.37,1522.98,10323.54
2022-07-25 08:00:00,1522.98,1542.53,1512.23,1536.52,15899.25
2022-07-25 09:00:00,1536.52,1543.15,1532.37,1535.47,7593.18
2022-07-25 10:00:00,1535.47,1549.84,1532.7,1547.1,10661.56
2022-07-25 11:00:00,1547.1,1552.71,1536.03,1537.38,10581.92
2022-07-25 12:00:00,1537.38,1538.25,1518.78,1536.18,14346.16
2022-07-25 13:00:00,1536.18,1536.96,1508.27,1522.03,23211.43
2022-07-25 14:00:00,1522.03,1526.49,1502.98,1524.97,23375.12
2022-07-25 15:00:00,1524.97,1531.56,1512.47,1526.61,12308.82
2022-07-25 16:00:00,1526.61,1533.91,1514.93,1528.11,18900.29
2022-07-25 17:00:00,1528.11,1534.67,1512.15,1514.12,12195.34
2022-07-25 18:00:00,1514.12,1523.09,1507.75,1510.23,11423.44
2022-07-25 19:00:00,1510.23,1512.08,1456.74,1495.33,58207.75
2022-07-25 20:00:00,1495.33,1536.82,1492.61,1522.81,56502.37
2022-07-25 21:00:00,1522.81,1525.31,1509.03,1514.28,10466.32
2022-07-25 22:00:00,1514.28,1514.6,1468.05,1481.7,38401.29
2022-07-25 23:00:00,1481.7,1487.01,1436.41,1438.01,46162.88
2022-07-26 00:00:00,1438.01,1448.46,1412.8,1415.36,50675.31
2022-07-26 01:00:00,1415.36,1427.06,1412.88,1420.73,29062.97
2022-07-26 02:00:00,1420.73,1425.95,1416.02,1419.35,12566.16
2022-07-26 03:00:00,1419.35,1438.2,1401.86,1433.06,23715.58
2022-07-26 04:00:00,1433.06,1438.74,1424.92,1427.46,10954.84
2022-07-26 05:00:00,1427.46,1432.0,1421.04,1426.62,8426.82
2022-07-26 06:00:00,1426.62,1427.53,1414.15,1418.64,8605.87
2022-07-26 07:00:00,1418.64,1423.59,1407.4,1409.43,9957.08
2022-07-26 08:00:00,1409.43,1418.32,1404.16,1412.38,11013.21
2022-07-26 09:00:00,1412.38,1423.75,1411.63,1419.49,5976.85
2022-07-26 10:00:00,1419.49,1422.83,1408.85,1410.23,7674.77
2022-07-26 11:00:00,1410.23,1415.7,1389.57,1405.63,17822.32
2022-07-26 12:00:00,1405.63,1419.6,1383.04,1391.62,28169.04
2022-07-26 13:00:00,1391.62,1393.03,1371.26,1389.09,29089.05
2022-07-26 14:00:00,1389.09,1396.55,1375.83,1391.81,24041.61
2022-07-26 15:00:00,1391.81,1393.54,1365.04,1368.48,21284.83
2022-07-26 16:00:00,1368.48,1384.63,1367.02,1383.51,18457.73
2022-07-26 17:00:00,1383.51,1396.03,1378.24,1378.89,22958.92
2022-07-26 18:00:00,1378.89,1386.43,1366.65,1370.96,17909.09
2022-07-26 19:00:00,1370.96,1375.16,1357.47,1366.62,19446.24
2022-07-26 20:00:00,1366.62,1383.22,1357.04,1380.53,27479.08
2022-07-26 21:00:00,1380.53,1403.81,1367.58,1380.19,20509.97
2022-07-26 22:00:00,1380.19,1414.18,1378.54,1411.2,20047.89
2022-07-26 23:00:00,1411.2,1454.25,1408.61,1449.61,33911.73
2022-07-27 00:00:00,1449.61,1458.52,1436.74,1442.8,22458.72
2022-07-27 01:00:00,1442.8,1446.43,1432.34,1433.33,11661.28
2022-07-27 02:00:00,1433.33,1438.98,1427.07,1438.01,10944.62
2022-07-27 03:00:00,1438.01,1438.71,1421.1,1424.76,11964.8
2022-07-27 04:00:00,1424.76,1438.34,1422.74,1435.18,7381.66
2022-07-27 05:00:00,1435.18,1458.03,1434.26,1453.23,15752.98
2022-07-27 06:00:00,1453.23,1457.21,1445.51,1455.6,11867.6
2022-07-27 07:00:00,1455.6,1471.63,1454.21,1464.89,21324.61
2022-07-27 08:00:00,1464.89,1474.5,1460.94,1460.97,17062.03
2022-07-27 09:00:00,1460.97,1462.75,1455.91,1458.02,9411.38
2022-07-27 10:00:00,1458.02,1466.66,1454.7,1457.13,8614.19
2022-07-27 11:00:00,1457.13,1468.95,1448.47,1452.31,12462.17
2022-07-27 12:00:00,1452.31,1482.79,1445.95,1480.52,27603.24
2022-07-27 13:00:00,1480.52,1497.49,1467.71,1491.59,34013.0
2022-07-27 14:00:00,1491.59,1495.13,1483.25,1491.31,23351.95
2022-07-27 15:00:00,1491.31,1495.86,1484.19,1490.19,25012.99
2022-07-27 16:00:00,1490.19,1519.22,1478.83,1485.82,39315.28
2022-07-27 17:00:00,1485.82,1509.29,1478.93,1500.21,35808.27
2022-07-27 18:00:00,1500.21,1591.88,1499.89,1581.34,150743.38
2022-07-27 19:00:00,1581.34,1612.48,1580.63,1587.77,68298.9
2022-07-27 20:00:00,1587.77,1613.54,1586.55,1601.46,34998.72
2022-07-27 21:00:00,1601.46,1620.42,1594.49,1607.16,23377.07
2022-07-27 22:00:00,1607.16,1636.2,1607.16,1626.41,30084.85
2022-07-27 23:00:00,1626.41,1644.64,1623.18,1636.88,19986.56
2022-07-28 00:00:00,1636.88,1639.06,1612.17,1615.8,24816.61
2022-07-28 01:00:00,1615.8,1617.09,1604.74,1615.83,16604.97
2022-07-28 02:00:00,1615.83,1673.35,1610.06,1659.04,42871.6
2022-07-28 03:00:00,1659.04,1664.54,1645.67,1648.77,19621.77
2022-07-28 04:00:00,1648.77,1653.44,1632.95,1633.25,12949.48
2022-07-28 05:00:00,1633.25,1653.67,1628.18,1651.53,15018.58
2022-07-28 06:00:00,1651.53,1653.76,1635.36,1643.2,11575.34
2022-07-28 07:00:00,1643.2,1643.72,1613.52,1618.14,38105.67
2022-07-28 08:00:00,1618.14,1628.45,1612.09,1624.76,26618.25
2022-07-28 09:00:00,1624.76,1629.72,1603.52,1619.41,29350.45
2022-07-28 10:00:00,1619.41,1633.07,1617.59,1620.54,20398.69
2022-07-28 11:00:00,1620.54,1642.88,1620.04,1641.34,16443.63
2022-07-28 12:00:00,1641.34,1648.26,1594.83,1635.32,50457.02
2022-07-28 13:00:00,1635.32,1666.13,1613.88,1620.43,44095.32
2022-07-28 14:00:00,1620.43,1653.0,1613.03,1652.45,28562.18
2022-07-28 15:00:00,1652.45,1750.06,1646.3,1727.07,100712.63
2022-07-28 16:00:00,1727.07,1742.82,1716.57,1723.13,84514.99
2022-07-28 17:00:00,1723.13,1750.14,1722.0,1748.69,31539.82
2022-07-28 18:00:00,1748.69,1749.84,1714.01,1722.02,34504.48
2022-07-28 19:00:00,1722.02,1731.45,1717.86,1726.7,20408.1
2022-07-28 20:00:00,1726.7,1787.55,1723.82,1757.34,72597.28
2022-07-28 21:00:00,1757.34,1769.96,1735.17,1745.09,25592.03
2022-07-28 22:00:00,1745.09,1750.36,1728.16,1746.51,20889.13
2022-07-28 23:00:00,1746.51,1747.75,1713.68,1725.82,19338.5
2022-07-29 00:00:00,1725.82,1733.45,1693.43,1725.93,31008.64
2022-07-29 01:00:00,1725.93,1728.05,1700.17,1718.09,37655.18
2022-07-29 02:00:00,1718.09,1724.69,1704.63,1713.19,12285.56
2022-07-29 03:00:00,1713.19,1730.0,1709.22,1727.55,10749.72
2022-07-29 04:00:00,1727.55,1742.65,1723.78,1740.77,12149.25
2022-07-29 05:00:00,1740.77,1740.77,1720.49,1729.68,17038.05
2022-07-29 06:00:00,1729.68,1750.89,1712.96,1715.77,16552.12
2022-07-29 07:00:00,1715.77,1721.41,1707.08,1715.96,10332.98
2022-07-29 08:00:00,1715.96,1725.47,1693.7,1720.09,18578.02
2022-07-29 09:00:00,1720.09,1730.35,1713.7,1729.33,8087.88
2022-07-29 10:00:00,1729.33,1733.07,1717.34,1720.97,12054.14
2022-07-29 11:00:00,1720.97,1721.64,1669.36,1682.3,29709.03
2022-07-29 12:00:00,1682.3,1684.94,1657.01,1667.16,33598.0
2022-07-29 13:00:00,1667.16,1708.36,1660.65,1699.34,35820.37
2022-07-29 14:00:00,1699.34,1745.87,1697.01,1725.04,47329.02
2022-07-29 15:00:00,1725.04,1727.69,1712.08,1722.38,26477.5
2022-07-29 16:00:00,1722.38,1723.17,1669.42,1692.25,47298.25
2022-07-29 17:00:00,1692.25,1706.17,1674.13,1695.74,20857.71
2022-07-29 18:00:00,1695.74,1735.58,1692.67,1723.41,26897.41
2022-07-29 19:00:00,1723.41,1731.08,1710.68,1725.48,26562.89
2022-07-29 20:00:00,1725.48,1740.08,1717.07,1733.19,20327.87
2022-07-29 21:00:00,1733.19,1738.34,1703.94,1716.76,15537.45
2022-07-29 22:00:00,1716.76,1743.11,1711.85,1742.14,15748.36
2022-07-29 23:00:00,1742.14,1765.97,1721.02,1722.28,27049.14
2022-07-30 00:00:00,1722.28,1735.36,1716.69,1730.67,17482.8
2022-07-30 01:00:00,1730.67,1733.5,1687.44,1723.41,25014.91
2022-07-30 02:00:00,1723.41,1724.17,1700.47,1714.41,14671.12
2022-07-30 03:00:00,1714.41,1715.46,1698.33,1707.7,12389.25
2022-07-30 04:00:00,1707.7,1710.25,1689.65,1702.35,10986.65
2022-07-30 05:00:00,1702.35,1710.93,1701.59,1707.72,6418.67
2022-07-30 06:00:00,1707.72,1719.15,1703.85,1715.4,5962.47
2022-07-30 07:00:00,1715.4,1720.47,1713.12,1715.73,4838.16
2022-07-30 08:00:00,1715.73,1723.84,1710.41,1713.39,9147.43
2022-07-30 09:00:00,1713.39,1717.73,1699.02,1701.26,8297.63
2022-07-30 10:00:00,1701.26,1701.58,1680.1,1686.72,11183.68
2022-07-30 11:00:00,1686.72,1713.64,1685.85,1705.89,9653.24
2022-07-30 12:00:00,1705.89,1724.2,1697.64,1720.31,22574.57
2022-07-30 13:00:00,1720.31,1735.76,1718.45,1726.75,36572.0
2022-07-30 14:00:00,1726.75,1731.43,1714.95,1716.92,15161.31
2022-07-30 15:00:00,1716.92,1744.59,1716.86,1737.42,13013.45
2022-07-30 16:00:00,1737.42,1737.77,1727.45,1736.21,12933.51
2022-07-30 17:00:00,1736.21,1736.37,1719.79,1728.08,8734.41
2022-07-30 18:00:00,1728.08,1733.31,1724.05,1728.13,6455.9
2022-07-30 19:00:00,1728.13,1728.36,1690.43,1693.21,22996.43
2022-07-30 20:00:00,1693.21,1709.75,1686.83,1703.34,16594.97
2022-07-30 21:00:00,1703.34,1707.58,1689.63,1693.28,7719.47
2022-07-30 22:00:00,1693.28,1702.86,1674.67,1699.82,21915.8
2022-07-30 23:00:00,1699.82,1705.53,1681.27,1697.52,10999.88
2022-07-31 00:00:00,1697.52,1712.88,1687.34,1710.17,12133.68
2022-07-31 01:00:00,1710.17,1710.66,1694.76,1697.2,7013.19
2022-07-31 02:00:00,1697.2,1709.34,1691.71,1697.07,6410.44
2022-07-31 03:00:00,1697.07,1700.17,1689.1,1694.37,6691.72
2022-07-31 04:00:00,1694.37,1705.62,1693.86,1703.49,5375.89
2022-07-31 05:00:00,1703.49,1706.33,1690.43,1691.61,5125.0
2022-07-31 06:00:00,1691.61,1702.55,1691.41,1701.68,4365.4
2022-07-31 07:00:00,1701.68,1708.47,1694.4,1698.16,6058.35
2022-07-31 08:00:00,1698.16,1702.52,1690.4,1693.03,6227.79
2022-07-31 09:00:00,1693.03,1704.11,1687.16,1704.11,3166.24
2022-07-31 10:00:00,1704.11,1719.89,1698.65,1716.29,6634.28
2022-07-31 11:00:00,1716.29,1723.37,1710.08,1719.18,10867.66
2022-07-31 12:00:00,1719.18,1722.44,1711.19,1718.97,4758.11
2022-07-31 13:00:00,1718.97,1720.61,1704.43,1709.49,6238.49
2022-07-31 14:00:00,1709.49,1719.8,1694.18,1705.26,8776.62
2022-07-31 15:00:00,1705.26,1714.2,1700.71,1712.42,4829.51
2022-07-31 16:00:00,1712.42,1715.0,1703.43,1709.51,7036.52
2022-07-31 17:00:00,1709.51,1712.51,1704.35,1708.28,5762.95
2022-07-31 18:00:00,1708.28,1751.92,1688.42,1707.77,58575.99
2022-07-31 19:00:00,1707.77,1731.73,1704.27,1718.0,15562.93
2022-07-31 20:00:00,1718.0,1722.79,1713.55,1721.19,7243.66
2022-07-31 21:00:00,1721.19,1725.4,1701.21,1703.59,8197.59
2022-07-31 22:00:00,1703.59,1705.3,1668.02,1685.66,27761.38
2022-07-31 23:00:00,1685.66,1694.62,1677.59,1679.55,13869.36
2022-08-01 00:00:00,1679.55,1690.98,1675.18,1688.99,12294.94
2022-08-01 01:00:00,1688.99,1699.13,1684.78,1697.32,11145.83
2022-08-01 02:00:00,1697.32,1704.81,1691.4,1695.67,8673.83
2022-08-01 03:00:00,1695.67,1696.96,1683.46,1692.33,7937.21
2022-08-01 04:00:00,1692.33,1697.23,1689.41,1695.62,4866.21
2022-08-01 05:00:00,1695.62,1697.42,1684.91,1692.15,5940.17
2022-08-01 06:00:00,1692.15,1692.78,1676.19,1685.95,8535.11
2022-08-01 07:00:00,1685.95,1696.2,1674.4,1693.23,10062.48
2022-08-01 08:00:00,1693.23,1695.36,1682.21,1684.06,5686.1
